{"cameraMode":{"drawMode":0,"name":"Shaded","section":"Shading Mode"},"sceneLighting":false,"audioPlay":false,"sceneViewState":{"showFog":true,"showMaterialUpdate":false,"showSkybox":false,"showFlares":true,"showImageEffects":true,"showParticleSystems":true},"in2DMode":false,"pivot":{"x":-0.8516606092453003,"y":-4.4715704917907719,"z":3.9956908226013185},"rotation":{"x":-0.115467369556427,"y":0.037832729518413547,"z":-0.0044013275764882568,"w":-0.9925828576087952},"size":0.3808332085609436,"orthographic":false}